filename,energy,dipole_x,dipole_y,dipole_z,HOMO,LUMO
1155_ammoniadimer09.xyz,-113.03429644900856,6.661338147750939e-16,0.0,0.0,3.7777153276532407,3.7152417989530067
1156_ammoniadimer10.xyz,-113.03428147079876,-3.552713678800501e-15,0.0,0.0,3.7784304740452463,3.7002693037760253
1157_ammoniadimer12.xyz,-113.03118019130183,6.661338147750939e-16,-3.552713678800501e-15,0.0,3.767354069387542,3.681038162888712
