total_energy,homo_energy,lumo_energy,homo_minus_1,lumo_plus_1,homo_lumo_gap,potential_energy,kinetic_energy,correlation_energy,exchange_energy,zpe,thermal_energy,enthalpy,gibbs_free_energy,dipole_x,dipole_y,dipole_z,dipole_moment,quadrupole_xx,quadrupole_yy,quadrupole_zz,electronic_spatial_extent,molecule_name,num_atoms
-113.0343345816036,-0.31656373626640727,0.13016482961957582,-0.32373348634755716,0.1657774190237848,0.4467285658859831,-79.12403420712252,-33.91030037448108,0.0,0.0,0.0,0.0,-113.0343345816036,-113.0343345816036,-9.966185654519677e-10,1.3430145884285594e-10,5.773159728050814e-15,1.005626892482588e-09,0.0,0.0,0.0,2.011253784965176e-09,1155_ammoniadimer09,6
